{
  "trans.mk85": {
    "sounds": [
      "mk85_trans"
    ],
    "category": "player"
  },
  "boost.super": {
    "sounds": [
      "super boost"
    ],
    "category": "player"
  },
  "heat.vision": {
    "sounds": [
      "heat_vision"
    ],
    "category": "player"
  },
  "thunder.clap": {
    "sounds": [
      "thunderclap"
    ],
    "category": "player"
  },
  "cold.breath": {
    "sounds": [
      "cold_breath"
    ],
    "category": "player"
  },
  "hero.landing": {
    "sounds": [
      "landing"
    ],
    "category": "player"
  }
}